<?xml version="1.0" encoding="UTF-8"?>
<project-private xmlns="http://www.netbeans.org/ns/project-private/1">
    <editor-bookmarks xmlns="http://www.netbeans.org/ns/editor-bookmarks/2" lastBookmarkId="0"/>
    <open-files xmlns="http://www.netbeans.org/ns/projectui-open-files/2">
        <group>
            <file>file:/C:/Users/MMG_LAB_29/Documents/NetBeansProjects/Online2SectionA/src/online2sectiona/Equation1D.java</file>
            <file>file:/C:/Users/MMG_LAB_29/Documents/NetBeansProjects/Online2SectionA/src/online2sectiona/Online2SectionA.java</file>
            <file>file:/C:/Users/MMG_LAB_29/Documents/NetBeansProjects/Online2SectionA/src/online2sectiona/Equation2D.java</file>
            <file>file:/C:/Users/MMG_LAB_29/Documents/NetBeansProjects/Online2SectionA/src/online2sectiona/Equation.java</file>
        </group>
    </open-files>
</project-private>
