<?xml version="1.0" encoding="UTF-8"?>
<project-private xmlns="http://www.netbeans.org/ns/project-private/1">
    <editor-bookmarks xmlns="http://www.netbeans.org/ns/editor-bookmarks/2" lastBookmarkId="0"/>
    <open-files xmlns="http://www.netbeans.org/ns/projectui-open-files/2">
        <group>
            <file>file:/C:/Users/MMG_LAB_29/Documents/NetBeansProjects/MyHelloWorld2/src/myhelloworld2/MyHelloWorld2.java</file>
            <file>file:/C:/Users/MMG_LAB_29/Documents/NetBeansProjects/MyHelloWorld2/src/class2/StringPractice.java</file>
            <file>file:/C:/Users/MMG_LAB_29/Documents/NetBeansProjects/MyHelloWorld2/src/class2/ScannerPractice.java</file>
            <file>file:/C:/Users/MMG_LAB_29/Documents/NetBeansProjects/MyHelloWorld2/src/class2/StringBuilderPractice.java</file>
            <file>file:/C:/Users/MMG_LAB_29/Documents/NetBeansProjects/MyHelloWorld2/src/class2/StringTokenizerPractice.java</file>
            <file>file:/C:/Users/MMG_LAB_29/Documents/NetBeansProjects/MyHelloWorld2/src/class2/ArrayPractice.java</file>
        </group>
    </open-files>
</project-private>
